"Address","PSI Request Status","Performance Score","First Contentful Paint Time (ms)","Speed Index Time (ms)","Largest Contentful Paint Time (ms)","Time to Interactive (ms)","Total Blocking Time (ms)","Cumulative Layout Shift","Total Size Savings (Bytes)","Total Time Savings (ms)","Total Requests","Total Page Size (Bytes)","HTML Size (Bytes)","HTML Count","Image Size (Bytes)","Image Count","CSS Size (Bytes)","CSS Count","JavaScript Size (Bytes)","JavaScript Count","Font Size (Bytes)","Font Count","Media Size (Bytes)","Media Count","Other Size (Bytes)","Other Count","Third Party Size (Bytes)","Third Party Count","Core Web Vitals Assessment","CrUX Largest Contentful Paint Time (ms)","CrUX Interaction to Next Paint (ms)","CrUX Cumulative Layout Shift","CrUX First Contentful Paint Time (ms)","Minify CSS Savings (ms)","Minify CSS Savings (Bytes)","Minify JavaScript Savings (ms)","Minify JavaScript Savings (Bytes)","Reduce Unused CSS Savings (ms)","Reduce Unused CSS Savings (Bytes)","Reduce Unused JavaScript Savings (ms)","Reduce Unused JavaScript Savings (Bytes)","JavaScript Execution Time (ms)","JavaScript Execution Time Category","Minimize Main-Thread Work (ms)","Minimize Main-Thread Work Category","Network Payload Size (Bytes)","User Timing Marks and Measures","Number of Redirects","Server Responds Quickly","Applies Text Compression","LCP Request Discovery","LCP Breakdown","Render Blocking Requests Savings (ms)","Preconnect Candidates Savings (ms)","Maximum Critical Path Latency (ms)","Use Efficient Cache Lifetimes Savings (Bytes)","Layout Shift Culprits","DOM Size","Improve Image Delivery Savings (Bytes)","Forced Reflow Savings (ms)","Legacy JavaScript Savings (Bytes)","Duplicated JavaScript (Bytes)","Font Display Savings (ms)","3rd Parties"
"https://www.supremeroofing.com/","Success","36","7351.001","11116.418","15384.702","19970.316","356.500","0.223","886596","3900","183","8889605","112940","2","115034","47","280824","39","1911967","59","318438","8","6108833","2","41569","26","1840038","91","","","","","","0","13342","0","0","900","207571","3000","665683","1751.614","Poor","3729.072","Poor","8887569","13","Avoids redirects","Server responds quickly (observed 80 ms)","Applies text compression","","2 resources found","37443","","1528","3319602","3 resources found","1109","53338","288","13436","","120","12 resources found"
"https://www.supremeroofing.com/services/roof-replacement/","Success","33","14514.594","14514.594","22163.299","27222.613","446.500","0.223","1548323","7640","178","4181477","146492","3","571573","24","390164","43","2772412","70","256639","8","6033","1","38164","29","2805739","84","","","","","","150","13416","0","0","1480","309302","6010","1225605","1840.825","Poor","3417.587","Poor","4181478","51","Avoids redirects","Server responds quickly (observed 56 ms)","Applies text compression","1 issue found","4 resources found","41589","","1051","852480","3 resources found","691","75529","12","13553","","50","15 resources found"
"https://www.supremeroofing.com/services/green-solutions/","Success","37","12733.629","12733.629","24970.500","25024.805","314.000","0.223","923804","6120","161","4053716","89244","2","1473723","24","285240","40","1940321","62","221159","7","6036","1","37993","25","1832328","68","","","","","","0","13416","0","0","1470","207773","4650","702615","1296.625","Poor","2755.133","Poor","4053717","13","Avoids redirects","Server responds quickly (observed 7 ms)","Applies text compression","","4 resources found","34890","","769","850338","3 resources found","688","68902","85","13438","","50","12 resources found"
"https://www.supremeroofing.com/projects/airport/","Success","40","12431.701","12431.701","20240.508","20293.010","244.500","0.223","891311","5230","145","2887919","83226","2","469997","21","271808","35","1852319","56","167073","5","6034","1","37462","25","1831849","67","","","","","","150","13416","0","0","1350","207771","3730","670124","1233.047","Good","2390.275","Poor","2887920","13","Avoids redirects","Server responds quickly (observed 68 ms)","Applies text compression","1 issue found","4 resources found","37785","650","866","788105","3 resources found","650","0","19","13479","","70","12 resources found"
"https://www.supremeroofing.com/projects/healthcare/","Success","37","5010.019","8923.123","12326.471","18860.531","394.500","0.223","891329","4410","144","2650173","83098","2","232381","21","271052","34","1852585","56","167072","5","6040","1","37945","25","1832231","67","","","","","","150","13416","0","0","1050","207773","3210","670140","1491.606","Poor","3022.465","Poor","2650174","13","Avoids redirects","Server responds quickly (observed 6 ms)","Applies text compression","1 issue found","4 resources found","27928","","370","788041","1 resource found","640","0","62","13438","","50","12 resources found"
"https://www.supremeroofing.com/services/water-proofing/","Success","45","3477.009","8120.823","12022.241","20304.979","235.500","0.223","923627","3300","161","3344786","87000","2","767615","24","285240","40","1940029","62","221159","7","6034","1","37709","25","1832029","68","","","","","","0","13416","0","0","900","207773","2400","702438","1307.880","Poor","2605.528","Poor","3344787","13","Avoids redirects","Server responds quickly (observed 6 ms)","Applies text compression","","4 resources found","20121","","726","850308","1 resource found","692","0","44","13438","","50","12 resources found"
"https://www.supremeroofing.com/locations/denver/","Success","22","5498.013","13017.062","15848.035","23357.188","1098.500","0.223","1083964","5440","168","3538617","89891","3","668440","23","275171","40","2240841","68","221160","7","6039","1","37075","26","2248723","84","","","","","","0","13416","0","0","2120","207763","3320","862785","3475.259","Poor","5607.514","Poor","3538618","13","Avoids redirects","Server responds quickly (observed 58 ms)","Applies text compression","","2 resources found","32979","","861","828207","3 resources found","687","47551","227","13553","","50","14 resources found"
"https://www.supremeroofing.com/services/cold-storage/","Success","39","17035.770","17035.770","24479.514","27521.193","263.000","0.223","1547518","7430","180","4525185","144388","3","914700","24","390176","43","2771675","70","256640","8","6030","1","41576","31","2804996","84","","","","","","0","13416","0","0","1490","309308","5940","1224794","1801.266","Poor","3602.227","Poor","4525186","51","Avoids redirects","Server responds quickly (observed 9 ms)","Applies text compression","1 issue found","4 resources found","36090","","822","852018","3 resources found","685","0","28","13438","","60","15 resources found"
"https://www.supremeroofing.com/about-us-new/","Success","33","10731.901","10998.450","15458.474","19170.172","456.000","0.223","881801","3730","179","2712560","112272","2","44506","38","279247","36","1911047","58","318437","8","6036","10","41015","27","1838547","88","","","","","","0","13416","0","0","750","207594","2980","660791","2030.810","Poor","4025.900","Poor","2711573","13","Avoids redirects","Server responds quickly (observed 33 ms)","Applies text compression","1 issue found","4 resources found","35187","300","1267","876127","3 resources found","1063","0","325","13438","","105","12 resources found"
"https://www.supremeroofing.com/projects/churches/","Success","32","12344.167","12344.167","19094.240","19823.604","479.921","0.223","892930","5400","141","2843345","82994","2","428108","20","271024","34","1853441","56","167073","5","6031","1","34674","23","1832412","67","","","","","","150","13416","0","0","1500","207773","3750","671741","1912.960","Poor","3263.830","Poor","2843346","13","Avoids redirects","Server responds quickly (observed 9 ms)","Applies text compression","1 issue found","4 resources found","31713","","413","788515","3 resources found","640","0","176","13553","","55","12 resources found"
"https://www.supremeroofing.com/projects/manufacturing/","Success","35","12472.209","12472.209","18472.311","18866.412","395.500","0.223","892724","5400","143","2694937","83357","2","278313","20","271046","34","1853036","57","167073","5","6030","1","36082","24","1833260","69","","","","","","300","13416","0","0","1350","207765","3750","671543","1786.204","Poor","3154.733","Poor","2694938","13","Avoids redirects","Server responds quickly (observed 65 ms)","Applies text compression","1 issue found","4 resources found","37125","","1147","787859","3 resources found","641","0","88","13479","","60","12 resources found"
"https://www.supremeroofing.com/locations/dallas-tx/","Success","24","9745.729","12156.468","16769.557","22777.750","886.500","0.223","1083972","5810","168","3548361","90711","3","677191","23","274443","39","2240342","68","221160","7","6036","1","38478","27","2248644","84","","","","","","300","13416","0","0","2110","207773","3400","862783","3061.091","Poor","5164.445","Poor","3548362","13","Avoids redirects","Server responds quickly (observed 5 ms)","Applies text compression","","2 resources found","31088","","549","828312","3 resources found","693","0","253","13438","","50","14 resources found"
"https://www.supremeroofing.com/commercial-metal-roofing/","Success","31","7392.153","10815.469","16093.903","20013.525","546.000","0.223","856974","4800","166","3137768","146733","2","585558","38","271227","34","1893036","59","194091","6","6039","1","41084","26","1838060","83","","","","","","150","13416","0","0","1350","207595","3300","635963","2422.696","Poor","4171.140","Poor","3137481","13","Avoids redirects","Server responds quickly (observed 11 ms)","Applies text compression","1 issue found","4 resources found","30641","300","575","815391","3 resources found","1411","73368","267","13554","","50","12 resources found"
"https://www.supremeroofing.com/services/emergency-response/","Success","20","10090.146","13493.027","16574.627","26882.045","1250.000","0.223","1542845","4670","179","4169432","144666","3","561572","24","390154","43","2772171","70","256640","8","6043","1","38186","30","2805513","85","","","","","","150","13416","0","0","1050","309307","3470","1220122","3211.566","Poor","5756.625","Poor","4169433","52","Avoids redirects","Server responds quickly (observed 6 ms)","Applies text compression","1 issue found","4 resources found","35329","","931","852483","3 resources found","695","7234","202","13554","","45","15 resources found"
"https://www.supremeroofing.com/projects/hospitality/","Success","33","9481.438","10020.495","18679.504","20978.434","491.500","0.223","892127","5100","144","3752417","84317","2","1333600","21","271026","34","1853003","56","167072","5","6039","1","37360","25","1832008","67","","","","","","150","13416","0","0","1650","207773","3300","670938","1869.013","Poor","3307.804","Poor","3752418","13","Avoids redirects","Server responds quickly (observed 7 ms)","Applies text compression","","2 resources found","30804","300","395","788535","3 resources found","650","0","50","13554","","50","12 resources found"
"https://www.supremeroofing.com/projects/retail/","Success","39","12461.191","12461.191","20535.002","20674.434","274.500","0.223","892665","4670","147","2971257","88047","2","549015","24","271046","34","1852511","56","167072","5","6036","1","37530","25","1831497","67","","","","","","0","13416","0","0","1070","207771","3600","671478","1483.766","Poor","2630.636","Poor","2971258","13","Avoids redirects","Server responds quickly (observed 63 ms)","Applies text compression","1 issue found","4 resources found","36583","","562","788049","3 resources found","704","26761","84","13438","","50","12 resources found"
"https://www.supremeroofing.com/services/maintenance-and-repairs/","Success","33","14916.291","14916.291","21851.109","25927.416","450.000","0.223","1548067","6300","180","3918713","145696","3","306953","24","390172","43","2772131","70","256638","8","6034","1","41089","31","2805442","84","","","","","","0","13416","0","0","1650","309298","4650","1225353","2039.828","Poor","3671.383","Poor","3918714","51","Avoids redirects","Server responds quickly (observed 42 ms)","Applies text compression","1 issue found","4 resources found","35789","300","752","852040","3 resources found","689","7234","44","13438","","50","15 resources found"
"https://www.supremeroofing.com/locations/oklahoma/","Success","39","6650.530","9077.450","15388.258","22130.994","306.500","0.223","1084709","4230","169","3502980","90480","3","630905","23","275185","40","2240406","68","221159","7","6032","1","38813","27","2237040","84","","","","","","0","13416","0","0","1050","207773","3180","863520","1583.568","Poor","3130.122","Poor","3502981","13","Avoids redirects","Server responds quickly (observed 6 ms)","Applies text compression","","2 resources found","29283","","394","823791","1 resource found","693","0","7","13438","","55","14 resources found"
"https://www.supremeroofing.com/terms-conditions/","Success","41","12280.247","12280.247","18098.076","18216.799","203.500","0.223","892641","5230","134","2422415","82899","2","37887","17","269268","32","1851665","55","139652","4","6022","1","35022","23","1831800","67","","","","","","150","13416","0","0","1050","207749","4030","671476","1238.906","Good","2289.916","Poor","2422416","13","Avoids redirects","Server responds quickly (observed 71 ms)","Applies text compression","","2 resources found","37237","648","796","775920","3 resources found","651","0","10","13479","","75","12 resources found"
"https://www.supremeroofing.com/projects/emergency-repairs/","Success","38","12281.611","12281.611","19845.891","19927.342","282.857","0.223","892713","4390","144","2689288","84152","2","270986","21","271044","34","1852264","56","167073","5","6034","1","37735","25","1831793","67","","","","","","0","13416","0","0","770","207772","3620","671525","1321.763","Poor","2382.038","Poor","2689289","13","Avoids redirects","Server responds quickly (observed 7 ms)","Applies text compression","1 issue found","4 resources found","31864","","416","787841","3 resources found","650","0","27","13479","","65","12 resources found"
"https://www.supremeroofing.com/projects/municipal/","Success","27","12259.241","12259.241","21109.441","21772.805","692.500","0.223","892687","5550","142","3283540","84183","2","867899","21","271046","34","1852527","56","167072","5","6038","1","34775","23","1831735","67","","","","","","300","13416","0","0","1200","207773","4050","671498","2131.062","Poor","3692.789","Poor","3283541","13","Avoids redirects","Server responds quickly (observed 6 ms)","Applies text compression","1 issue found","4 resources found","31705","","385","788055","3 resources found","650","0","129","13438","","55","12 resources found"
"https://www.supremeroofing.com/locations/tulsa/","Success","33","12568.750","12568.750","18775.889","21421.664","457.500","0.223","1083953","5280","163","3077098","85587","3","218383","22","273031","37","2234480","66","221159","7","6038","1","38420","27","2237801","84","","","","","","300","13416","0","0","1230","207773","3750","862764","2073.368","Poor","3561.742","Poor","3077099","13","Avoids redirects","Server responds quickly (observed 6 ms)","Applies text compression","","2 resources found","32307","","449","820982","3 resources found","645","29076","40","13438","","55","14 resources found"
"https://www.supremeroofing.com/services/sheet-metal/","Success","34","5816.024","11816.962","16122.758","28013.588","428.500","0.223","1545586","4120","181","4765762","145139","3","1155049","25","390172","43","2771667","70","256640","8","6042","1","41053","31","2804990","84","","","","","","0","13416","0","0","1050","309308","3070","1222862","1958.144","Poor","3874.706","Poor","4765763","50","Avoids redirects","Server responds quickly (observed 6 ms)","Applies text compression","1 issue found","4 resources found","30812","","729","852001","1 resource found","698","0","52","13438","","50","15 resources found"
"https://www.supremeroofing.com/privacy-policy/","Success","44","12071.114","12071.114","18376.877","18414.377","120.000","0.223","908245","5400","134","2434642","79544","2","37898","17","285853","33","1850992","54","139652","4","6035","1","34668","23","1848347","68","","","","","","150","13416","0","0","1350","223676","3900","671153","1030.390","Good","2037.492","Poor","2434643","13","Avoids redirects","Server responds quickly (observed 52 ms)","Applies text compression","","2 resources found","36585","1214","553","775618","3 resources found","607","0","8","13442","","45","12 resources found"
"https://www.supremeroofing.com/projects/high-rise-office-buildings/","Success","28","9374.977","9560.839","15315.543","19226.502","658.000","0.223","892732","4580","143","2774779","83487","2","356432","20","271026","34","1853027","56","167070","5","6041","1","37696","25","1831859","67","","","","","","0","13416","0","0","1360","207762","3220","671554","2252.342","Poor","3614.425","Poor","2774780","13","Avoids redirects","Server responds quickly (observed 54 ms)","Applies text compression","1 issue found","4 resources found","34777","","663","788519","3 resources found","640","0","55","13554","","45","12 resources found"
"https://www.supremeroofing.com/login-2024/","Success","37","9961.230","11567.038","17345.154","21012.004","329.000","0.223","892757","4670","151","4389698","89688","2","1863098","27","269268","32","1852711","56","270394","7","6024","1","38515","26","1833843","73","","","","","","0","13416","0","0","1350","207768","3320","671573","1771.163","Poor","3441.767","Poor","4389699","13","Avoids redirects","Server responds quickly (observed 63 ms)","Applies text compression","1 issue found","4 resources found","34440","311","1265","828244","3 resources found","748","525618","229","13479","","65","12 resources found"
"https://www.supremeroofing.com/locations/new-england/","Success","22","5250.019","13211.580","14196.243","22818.479","1079.000","0.223","1084119","5250","169","3542166","89957","3","670736","23","275193","40","2240363","68","221160","7","6030","1","38727","27","2248097","84","","","","","","0","13416","0","0","1800","207764","3450","862939","3599.583","Poor","5818.167","Poor","3542167","13","Avoids redirects","Server responds quickly (observed 70 ms)","Applies text compression","","2 resources found","31960","","1044","828173","3 resources found","691","0","357","13479","","65","14 resources found"
"https://www.supremeroofing.com/contact-us-new/","Success","28","9525.746","11647.751","18532.068","21266.928","625.000","0.223","856890","4190","151","5145098","93032","2","2663986","29","269250","32","1852293","55","219179","6","6039","1","41319","26","1836500","72","","","","","","0","13416","0","0","1240","207595","2950","635879","2473.241","Poor","4081.078","Poor","5144810","13","Avoids redirects","Server responds quickly (observed 8 ms)","Applies text compression","1 issue found","4 resources found","30478","","1562","808404","1 resource found","873","1108223","168","13554","","45","12 resources found"
"https://www.supremeroofing.com/services/snow-removal/","Success","34","12889.721","12889.721","20287.260","21082.271","412.000","0.223","1140730","6290","163","3083095","86122","2","191133","22","285226","40","2254715","65","221160","7","6028","1","38711","26","2147546","72","","","","","","0","13416","0","0","900","207773","5390","919541","1630.962","Poor","3249.078","Poor","3083096","13","Avoids redirects","Server responds quickly (observed 9 ms)","Applies text compression","","4 resources found","35309","300","788","850123","3 resources found","693","21939","80","13479","","60","12 resources found"
"https://www.supremeroofing.com/projects/data-centers/","Success","22","4942.122","11366.625","12750.208","19458.869","1189.500","0.223","887433","5550","143","2658506","82360","2","241691","19","271024","34","1853002","56","167072","5","6033","1","37324","26","1831809","68","","","","","","150","13416","0","0","1950","207773","3450","666244","3456.372","Poor","5316.970","Poor","2658507","13","Avoids redirects","Server responds quickly (observed 6 ms)","Applies text compression","1 issue found","4 resources found","28504","","505","788539","3 resources found","630","0","186","13554","","50","12 resources found"
"https://www.supremeroofing.com/services-new/","Success","37","12724.128","12724.128","20038.887","20106.488","323.500","0.223","856925","4800","153","2715389","102601","2","171968","28","269266","32","1852436","56","270395","7","6034","1","42689","27","1838504","79","","","","","","0","13416","0","0","1350","207595","3450","635914","1452.583","Poor","2845.330","Poor","2714638","13","Avoids redirects","Server responds quickly (observed 6 ms)","Applies text compression","1 issue found","4 resources found","31570","","1070","828231","3 resources found","952","99134","28","13479","","100","12 resources found"
"https://www.supremeroofing.com/projects/historical/","Success","33","10575.201","10575.201","16455.883","19304.672","465.500","0.223","892716","4840","141","2740767","84133","2","325067","20","271032","34","1853029","56","167073","5","6039","1","34394","23","1832012","67","","","","","","150","13416","0","0","1650","207773","3040","671527","1881.982","Poor","3447.980","Poor","2740768","13","Avoids redirects","Server responds quickly (observed 15 ms)","Applies text compression","1 issue found","4 resources found","31114","","498","788550","3 resources found","650","0","162","13554","","50","12 resources found"
"https://www.supremeroofing.com/services/new-construction/","Success","31","5801.028","11353.104","16215.261","27844.113","556.793","0.223","1763276","4890","189","4389091","144604","3","463206","29","390180","43","3085921","73","256639","8","6026","1","42515","32","3121478","94","","","","","","0","13416","0","0","890","309323","4000","1440537","2093.956","Poor","3615.032","Poor","4389092","50","Avoids redirects","Server responds quickly (observed 6 ms)","Applies text compression","1 issue found","4 resources found","30815","","652","853038","1 resource found","690","19992","44","13479","","55","15 resources found"
"https://www.supremeroofing.com/careers/","Success","16","9835.776","19512.461","16581.764","69965.305","4740.500","0.195","5763830","6300","291","12226856","611043","11","337859","31","1214180","58","9399272","105","592267","19","6029","1","66206","66","10685700","196","","","","","","0","13416","0","0","1500","309307","4800","5441107","10347.104","Poor","16165.098","Poor","12226857","297","Avoids redirects","Server responds quickly (observed 8 ms)","Applies text compression","","2 resources found","31984","","435","1020757","1 resource found","812","0","219","13554","","45","15 resources found"
"https://www.supremeroofing.com/project-portfolio-new/","Success","16","7051.035","13930.935","15062.262","60250.363","2128.500","0.223","4542010","4350","263","10420496","501701","9","700796","35","1007985","50","7625032","95","518754","14","6024","1","60204","59","8551862","177","","","","","","0","13416","0","0","1200","207590","3150","4321004","6534.785","Poor","10896.778","Poor","10419802","387","Avoids redirects","Server responds quickly (observed 72 ms)","Applies text compression","","2 resources found","35530","","1758","860782","3 resources found","1025","636544","144","13479","","65","15 resources found"
"https://www.supremeroofing.com/projects/education/","Success","42","11945.734","11945.734","22255.648","22450.656","186.500","0.223","892282","4950","147","3637114","92464","2","1209626","24","271020","34","1852897","56","167071","5","6039","1","37997","25","1832666","67","","","","","","0","13416","0","0","1050","207769","3900","671097","1102.790","Good","2268.550","Poor","3637115","13","Avoids redirects","Server responds quickly (observed 48 ms)","Applies text compression","1 issue found","4 resources found","35261","600","483","788011","3 resources found","770","6737","0","13446","","45","12 resources found"
"https://www.supremeroofing.com/projects/","Success","36","12786.632","12786.632","23124.674","23310.199","356.000","0.223","892629","5610","167","4846244","99255","2","2332067","33","273928","38","1875202","60","221160","7","6028","1","38604","26","1835492","70","","","","","","150","13416","0","0","1260","207773","4200","671440","1389.938","Poor","2813.191","Poor","4846245","13","Avoids redirects","Server responds quickly (observed 48 ms)","Applies text compression","1 issue found","4 resources found","33821","","794","818629","3 resources found","838","0","73","13479","","60","12 resources found"
"https://www.supremeroofing.com/projects/education/hmi-institute/","Success","43","6774.063","9909.894","18745.318","21974.723","152.000","0.223","923824","4890","163","4058959","90027","2","1473653","23","287967","42","1942357","63","221160","7","6039","1","37756","25","1832591","67","","","","","","150","13416","0","0","1170","207773","3570","702635","1119.131","Good","2361.287","Poor","4058960","13","Avoids redirects","Server responds quickly (observed 9 ms)","Applies text compression","1 issue found","4 resources found","31242","348","631","852591","1 resource found","729","0","18","13554","","45","12 resources found"
"https://www.supremeroofing.com/projects/education/brandeis-university/","Success","35","12945.152","12945.152","20629.047","21290.398","386.000","0.223","1140501","6200","168","3207810","91129","2","306334","24","287981","42","2255916","66","221160","7","6024","1","39266","26","2146626","71","","","","","","150","13416","0","0","1300","207773","4750","919312","1934.819","Poor","3307.816","Poor","3207811","13","Avoids redirects","Server responds quickly (observed 6 ms)","Applies text compression","1 issue found","4 resources found","36090","","859","851912","3 resources found","743","0","105","13479","","60","12 resources found"
"https://www.supremeroofing.com/projects/education/football-stadium/","Success","38","12911.776","12911.776","18643.918","20092.756","292.500","0.223","923620","4580","163","2867907","89353","2","284078","23","287975","42","1941567","63","221159","7","6035","1","37740","25","1831599","67","","","","","","0","13416","0","0","800","207772","3780","702432","1666.572","Poor","3001.114","Poor","2867908","13","Avoids redirects","Server responds quickly (observed 7 ms)","Applies text compression","1 issue found","4 resources found","35640","","690","852080","3 resources found","723","0","40","13446","","45","12 resources found"
"https://www.supremeroofing.com/projects/education/barton-junior-high/","Success","42","13002.659","13002.659","22072.461","22250.439","165.500","0.223","923797","5700","159","3288456","87987","2","710643","23","287129","41","1940620","62","221160","7","6039","1","34878","23","1832621","68","","","","","","0","13416","0","0","1350","207767","4350","702614","1194.007","Good","2282.300","Poor","3288457","13","Avoids redirects","Server responds quickly (observed 51 ms)","Applies text compression","","4 resources found","41403","300","948","851548","3 resources found","721","25073","61","13554","","80","12 resources found"
"https://www.supremeroofing.com/projects/education/hugh-goodwin-elementary-school/","Success","41","5834.025","9827.021","16320.033","20625.049","233.000","0.223","918347","4060","160","3242405","87604","2","664059","23","287131","41","1940398","62","221158","7","6033","1","36022","24","1832662","69","","","","","","0","13416","0","0","750","207773","3310","697158","1305.018","Poor","2671.648","Poor","3242406","13","Avoids redirects","Server responds quickly (observed 7 ms)","Applies text compression","","4 resources found","30646","","677","851567","1 resource found","709","0","41","13554","","45","12 resources found"
"https://www.supremeroofing.com/projects/education/greenhill-school/","Success","37","12816.760","13010.393","22206.090","22850.010","330.000","0.223","923503","6440","164","3938579","89256","2","1354410","24","287997","42","1941631","63","221160","7","6032","1","38093","25","1832015","67","","","","","","140","13416","0","0","1650","207762","4650","702325","1662.949","Poor","3012.177","Poor","3938580","13","Avoids redirects","Server responds quickly (observed 64 ms)","Applies text compression","1 issue found","4 resources found","42102","","1092","852099","3 resources found","724","0","54","13439","","50","12 resources found"
"https://www.supremeroofing.com/willits-hall/","Success","32","9863.081","12872.230","18154.051","21427.656","499.492","0.223","915304","5380","163","3604240","87445","2","1022263","22","287977","42","1942131","63","221160","7","6037","1","37227","26","1831831","68","","","","","","20","13416","0","0","1630","207773","3730","694115","2437.776","Poor","4119.121","Poor","3604241","13","Avoids redirects","Server responds quickly (observed 52 ms)","Applies text compression","1 issue found","4 resources found","39199","","1051","852585","3 resources found","719","0","251","13554","","55","12 resources found"
"https://www.supremeroofing.com/projects/education/south-routt-elementary/","Success","45","3624.014","9100.364","8279.034","21453.256","218.500","0.223","920892","2100","165","3593870","93569","2","1004845","25","287967","42","1942172","63","221160","7","6039","1","38118","25","1832621","68","","","","","","0","13416","0","0","900","207773","1200","699703","1218.228","Good","2417.081","Poor","3593871","75","Avoids redirects","Server responds quickly (observed 8 ms)","Applies text compression","1 issue found","4 resources found","20581","","599","852808","1 resource found","756","0","0","13554","","45","12 resources found"
"https://www.supremeroofing.com/projects/education/mountholyoke/","Success","36","10259.145","10943.243","16647.158","20011.676","364.000","0.223","923625","3790","162","3030231","91559","2","445029","23","287965","42","1942113","63","221159","7","6037","1","36369","24","1832344","67","","","","","","0","13416","0","0","1050","207773","2740","702436","1800.902","Poor","3339.531","Poor","3030232","13","Avoids redirects","Server responds quickly (observed 8 ms)","Applies text compression","1 issue found","4 resources found","34590","","764","851883","3 resources found","742","0","140","13554","","45","12 resources found"
"https://www.supremeroofing.com/washington-middle-school/","Success","39","13030.156","13030.156","21955.271","22673.137","251.500","0.223","918287","6000","162","3472717","87330","2","893652","23","287155","41","1939661","62","221159","7","6032","1","37728","26","1831675","69","","","","","","150","13416","0","0","1500","207763","4350","697108","1344.277","Poor","2664.558","Poor","3472718","13","Avoids redirects","Server responds quickly (observed 69 ms)","Applies text compression","","4 resources found","43595","","1201","850866","3 resources found","709","31272","2","13479","","65","12 resources found"
"https://www.supremeroofing.com/projects/education/mountholyokemail/","Success","37","12773.630","12773.630","19614.396","19933.922","310.821","0.223","923593","4650","163","2898819","90742","2","313129","23","287985","42","1941398","63","221160","7","6032","1","38373","25","1831934","67","","","","","","0","13416","0","0","900","207772","3750","702405","1498.340","Poor","2880.922","Poor","2898820","13","Avoids redirects","Server responds quickly (observed 8 ms)","Applies text compression","1 issue found","4 resources found","35190","325","862","851918","3 resources found","738","0","14","13479","","75","12 resources found"
"https://www.supremeroofing.com/projects/education/soroco-high-school/","Success","40","12704.688","12704.688","21660.508","22621.377","226.500","0.223","923577","5250","161","3457195","89406","2","876059","23","287995","42","1941386","63","221160","7","6032","1","35157","23","1831656","67","","","","","","150","13416","0","0","1050","207773","4050","702388","1190.263","Good","2532.689","Poor","3457196","13","Avoids redirects","Server responds quickly (observed 28 ms)","Applies text compression","1 issue found","4 resources found","35162","","730","851912","3 resources found","724","0","48","13479","","60","12 resources found"
"https://www.supremeroofing.com/projects/historical/fort-worth-stockyards/","Success","40","13062.317","13062.317","22878.002","23083.580","235.000","0.223","923604","5850","162","3760444","88010","2","1177675","22","287985","42","1941720","63","221160","7","6038","1","37856","25","1831971","67","","","","","","150","13416","0","0","1350","207769","4350","702419","1515.184","Poor","2846.494","Poor","3760445","13","Avoids redirects","Server responds quickly (observed 62 ms)","Applies text compression","1 issue found","4 resources found","42080","","962","852118","3 resources found","717","0","37","13439","","50","12 resources found"
"https://www.supremeroofing.com/projects/historical/475-lincoln-denver/","Success","30","9984.829","11654.874","19682.850","22159.977","570.500","0.223","923475","4560","160","4134707","88355","2","1554336","22","287983","42","1941657","63","221160","7","6026","1","35190","23","1831762","67","","","","","","0","13416","0","0","1230","207771","3330","702288","2263.927","Poor","4009.976","Poor","4134708","13","Avoids redirects","Server responds quickly (observed 7 ms)","Applies text compression","1 issue found","4 resources found","35422","300","904","852130","3 resources found","720","0","135","13439","","50","12 resources found"
"https://www.supremeroofing.com/projects/historical/pope-block-building/","Success","42","12977.160","12977.160","23830.312","24004.070","164.000","0.223","1140462","7210","164","3797368","88200","2","902507","22","287983","42","2255938","66","221160","7","6034","1","35546","24","2146686","71","","","","","","0","13416","0","0","1210","207768","6000","919278","1243.211","Good","2450.653","Poor","3797369","13","Avoids redirects","Server responds quickly (observed 71 ms)","Applies text compression","1 issue found","4 resources found","42992","","914","851940","3 resources found","718","0","24","13479","","100","12 resources found"
"https://www.supremeroofing.com/projects/data-centers/mckinney-data-center/","Success","34","12807.281","12807.281","19603.447","21034.873","406.000","0.223","923757","5120","165","3092083","92485","2","502082","23","287989","42","1942408","64","221160","7","6028","1","39931","26","1833517","69","","","","","","0","13416","0","0","1070","207773","4050","702568","1591.014","Poor","3251.779","Poor","3092084","13","Avoids redirects","Server responds quickly (observed 5 ms)","Applies text compression","1 issue found","4 resources found","35620","","734","852461","3 resources found","743","0","26","13479","","65","12 resources found"
"https://www.supremeroofing.com/services/","Success","40","12594.176","12594.176","22514.568","22643.627","234.500","0.223","889589","6600","158","3899998","92848","2","1438559","29","273218","37","1857006","57","194093","6","6030","1","38244","26","1832903","69","","","","","","0","13416","0","0","1800","207773","4800","668400","1402.034","Poor","2655.563","Poor","3899999","13","Avoids redirects","Server responds quickly (observed 6 ms)","Applies text compression","1 issue found","4 resources found","32347","","697","801127","3 resources found","750","46496","78","13479","","60","12 resources found"
"https://www.supremeroofing.com/projects/airport/airport-helix-project/","Success","43","12663.621","12663.621","20611.398","20789.365","121.000","0.223","923019","5250","164","3025235","88698","2","440939","24","287967","42","1941550","63","221160","7","6037","1","38884","25","1831954","67","","","","","","150","13416","0","0","1050","207766","4050","701837","989.495","Good","2113.055","Poor","3025236","13","Avoids redirects","Server responds quickly (observed 57 ms)","Applies text compression","1 issue found","4 resources found","39745","883","754","852606","3 resources found","721","0","0","13446","","45","12 resources found"
"https://www.supremeroofing.com/projects/industrial/acton-warehouse/","Success","48","3620.009","8356.811","9647.525","21994.654","131.500","0.223","1139965","2250","163","3544805","87108","2","649689","21","287969","42","2255444","65","221160","7","6033","1","37402","25","2145462","69","","","","","","0","13416","0","0","900","207773","1350","918776","1047.157","Good","2269.972","Poor","3544806","13","Avoids redirects","Server responds quickly (observed 32 ms)","Applies text compression","1 issue found","4 resources found","20605","","594","852088","1 resource found","711","0","41","13446","","45","12 resources found"
"https://www.supremeroofing.com/projects/healthcare/prosper-cook-childrens/","Success","39","10138.716","11410.326","17199.229","20357.836","277.500","0.223","922910","5220","162","3191412","91670","2","608295","24","287987","42","1941317","63","221159","7","6022","1","34962","23","1831576","67","","","","","","300","13416","0","0","1350","207765","3570","701729","1626.294","Poor","2921.557","Poor","3191413","13","Avoids redirects","Server responds quickly (observed 69 ms)","Applies text compression","1 issue found","4 resources found","39630","324","1236","851904","3 resources found","733","0","0","13479","","65","12 resources found"
"https://www.supremeroofing.com/projects/healthcare/osumedicalcenter/","Success","37","12744.134","12744.134","19464.912","19860.232","318.500","0.223","918327","4970","162","2813649","90202","2","234281","25","287161","41","1939656","62","221160","7","6028","1","35161","24","1831664","69","","","","","","0","13416","0","0","920","207772","4050","697139","1377.911","Poor","2837.132","Poor","2813650","13","Avoids redirects","Server responds quickly (observed 7 ms)","Applies text compression","","4 resources found","35490","","771","850868","3 resources found","734","12564","16","13479","","65","12 resources found"
"https://www.supremeroofing.com/locations/","Success","23","5398.071","11999.024","14546.680","20307.605","1044.000","0.223","892614","6190","152","3081768","103689","2","581842","21","274437","39","1857377","57","221160","7","6036","1","37227","25","1831262","68","","","","","","300","13416","0","0","1990","207773","3900","671425","3263.603","Poor","5362.385","Poor","3081769","13","Avoids redirects","Server responds quickly (observed 9 ms)","Applies text compression","1 issue found","4 resources found","29713","","688","813033","3 resources found","943","0","267","13439","","55","12 resources found"
"https://www.supremeroofing.com/projects/churches/lifechurch/","Success","31","13180.207","13180.207","19180.311","19789.139","506.500","0.223","923646","5690","164","2786768","87871","2","205521","24","287145","41","1940395","63","221160","7","6030","1","38646","26","1832866","70","","","","","","290","13416","0","0","1500","207773","3900","702457","2110.243","Poor","3923.458","Poor","2786769","13","Avoids redirects","Server responds quickly (observed 6 ms)","Applies text compression","","4 resources found","35910","313","849","850885","3 resources found","717","20609","1","13479","","60","12 resources found"
"https://www.supremeroofing.com/projects/churches/the-church-of-latter-day-saints/","Success","39","5623.012","10528.692","14319.998","20800.617","287.000","0.223","923613","3900","163","3214541","89512","2","630698","23","287983","42","1941643","63","221159","7","6030","1","37516","25","1831522","67","","","","","","0","13416","0","0","1050","207773","2850","702424","1544.422","Poor","3076.274","Poor","3214542","13","Avoids redirects","Server responds quickly (observed 7 ms)","Applies text compression","1 issue found","4 resources found","30931","","744","852097","1 resource found","729","0","200","13439","","50","12 resources found"
"https://www.supremeroofing.com/projects/manufacturing/zanesville-food-processing-plant/","Success","32","9959.748","11983.041","18204.643","21482.996","498.000","0.223","918399","5060","167","3495872","91663","2","908207","24","287985","42","1942270","64","221160","7","6024","1","38563","27","1833005","70","","","","","","230","13416","0","0","1580","207771","3250","697212","2168.825","Poor","3977.878","Poor","3495873","13","Avoids redirects","Server responds quickly (observed 63 ms)","Applies text compression","1 issue found","4 resources found","38443","","1284","851940","3 resources found","740","0","118","13479","","100","12 resources found"
"https://www.supremeroofing.com/ne-food-processing-plant/","Success","41","13002.783","13002.783","19421.926","19721.783","195.500","0.223","925097","5550","159","2764356","91960","2","177088","19","287965","42","1942189","63","221160","7","6037","1","37957","25","1832588","67","","","","","","150","13416","0","0","1350","207767","4050","703914","1289.711","Poor","2585.021","Poor","2764357","13","Avoids redirects","Server responds quickly (observed 6 ms)","Applies text compression","1 issue found","4 resources found","36212","319","779","852095","3 resources found","741","0","2","13447","","45","12 resources found"
"https://www.supremeroofing.com/projects/hospitality/tulsaclubhotel/","Success","32","6688.013","10650.855","15448.221","19824.635","508.000","0.223","923042","5150","162","2972797","89820","2","390838","24","287123","41","1940404","62","221160","7","6033","1","37419","25","1831993","68","","","","","","150","13416","0","0","1200","207765","3800","701861","1829.550","Poor","3443.448","Poor","2972798","13","Avoids redirects","Server responds quickly (observed 63 ms)","Applies text compression","","4 resources found","36691","","1234","851563","3 resources found","725","41462","130","13554","","110","12 resources found"
"https://www.supremeroofing.com/projects/hospitality/carrollton-retirement-community/","Success","41","5909.031","10424.007","18380.004","21961.180","225.000","0.223","923000","4800","165","4707329","88029","2","2125617","25","287147","41","1940401","63","221160","7","6032","1","38943","26","1833258","70","","","","","","150","13416","0","0","1200","207773","3450","701811","1309.272","Poor","2568.569","Poor","4707330","13","Avoids redirects","Server responds quickly (observed 7 ms)","Applies text compression","","4 resources found","30786","","755","850888","1 resource found","724","0","33","13479","","90","12 resources found"
"https://www.supremeroofing.com/projects/hospitality/century-lofts-denver/","Success","40","13004.149","13004.149","20853.744","21670.061","220.500","0.223","923568","5670","164","3986105","90220","2","1402708","24","287995","42","1942177","64","221160","7","6026","1","35819","24","1832924","69","","","","","","150","13416","0","0","1640","207763","3880","702389","1351.540","Poor","2598.670","Poor","3986106","13","Avoids redirects","Server responds quickly (observed 15 ms)","Applies text compression","1 issue found","4 resources found","36061","311","1008","851938","3 resources found","737","0","33","13479","","70","12 resources found"
"https://www.supremeroofing.com/projects/retail/king-soopers/","Success","36","12817.739","12817.739","21217.879","22512.924","352.000","0.223","923528","5590","163","3352449","89875","2","770611","25","287145","41","1939814","62","221160","7","6038","1","37806","25","1831669","68","","","","","","170","13416","0","0","1070","207773","4350","702339","1837.702","Poor","3249.817","Poor","3352450","13","Avoids redirects","Server responds quickly (observed 6 ms)","Applies text compression","","4 resources found","35470","","818","851090","3 resources found","726","74881","158","13439","","50","12 resources found"
"https://www.supremeroofing.com/projects/retail/drug-store/","Success","42","13009.224","13009.224","18973.338","19613.447","151.000","0.223","923762","5700","163","2801372","87878","2","216878","23","287967","42","1942398","63","221160","7","6031","1","39060","25","1832623","67","","","","","","300","13416","0","0","1350","207760","4050","702586","1074.660","Good","2303.999","Poor","2801373","13","Avoids redirects","Server responds quickly (observed 102 ms)","Applies text compression","1 issue found","4 resources found","41686","","994","853138","3 resources found","717","0","8","13554","","45","12 resources found"
"https://www.supremeroofing.com/projects/retail/city-market-delta/","Success","30","10062.047","11912.088","17424.059","20457.223","556.500","0.223","923569","4850","162","3122050","88923","2","543794","26","287125","41","1940254","62","221158","7","6031","1","34765","23","1831868","68","","","","","","0","13416","0","0","1650","207773","3200","702380","2308.438","Poor","3979.840","Poor","3122051","13","Avoids redirects","Server responds quickly (observed 9 ms)","Applies text compression","","4 resources found","35323","","879","851539","3 resources found","719","29511","124","13554","","55","12 resources found"
"https://www.supremeroofing.com/projects/retail/grapevine-towne-center/","Success","28","10622.104","11876.892","17040.578","21397.904","608.000","0.223","923068","5020","163","3278720","89692","2","694314","23","287969","42","1942121","63","221157","7","6027","1","37440","25","1831829","67","","","","","","150","13416","0","0","1530","207773","3340","701879","2327.886","Poor","4087.162","Poor","3278721","13","Avoids redirects","Server responds quickly (observed 8 ms)","Applies text compression","1 issue found","4 resources found","35190","","877","852586","3 resources found","734","0","115","13554","","50","12 resources found"
"https://www.supremeroofing.com/projects/retail/big-y-chicopee/","Success","31","10002.713","11862.989","16641.391","20834.771","516.000","0.223","921124","5010","164","3301442","92603","2","714351","24","287969","42","1941664","63","221159","7","6037","1","37659","25","1831539","67","","","","","","0","13416","0","0","1210","207763","3800","699945","2249.229","Poor","3995.339","Poor","3301443","13","Avoids redirects","Server responds quickly (observed 52 ms)","Applies text compression","1 issue found","4 resources found","37226","641","1107","852082","3 resources found","748","0","150","13447","","70","12 resources found"
"https://www.supremeroofing.com/projects/retail/large-grocery-store/","Success","26","9874.713","11797.172","16627.025","20660.316","754.498","0.223","918301","5610","165","3149977","89834","2","564266","24","287985","42","1941621","63","221159","7","6038","1","39074","26","1831651","68","","","","","","0","13416","0","0","1930","207773","3680","697112","2512.339","Poor","4443.469","Poor","3149978","13","Avoids redirects","Server responds quickly (observed 9 ms)","Applies text compression","1 issue found","4 resources found","35456","","993","852639","3 resources found","730","37540","134","13439","","50","12 resources found"
"https://www.supremeroofing.com/projects/retail/marcotte-ford/","Success","39","13031.792","13031.792","20831.953","22227.109","264.500","0.223","923516","5550","161","3684695","88686","2","1103347","23","287967","42","1942127","63","221158","7","6037","1","35373","23","1832366","67","","","","","","0","13416","0","0","1500","207758","4050","702342","1399.742","Poor","2733.521","Poor","3684696","13","Avoids redirects","Server responds quickly (observed 8 ms)","Applies text compression","1 issue found","4 resources found","36222","300","801","852594","3 resources found","729","0","13","13554","","45","12 resources found"
"https://www.supremeroofing.com/projects/retail/city-market-glenwood/","Success","43","3322.016","8812.794","9769.049","20582.094","294.500","0.223","923613","2700","163","3228630","89782","2","644214","23","287979","42","1941667","63","221159","7","6030","1","37799","25","1831906","67","","","","","","300","13416","0","0","1350","207773","1050","702424","1495.830","Poor","2825.327","Poor","3228631","13","Avoids redirects","Server responds quickly (observed 6 ms)","Applies text compression","1 issue found","4 resources found","18469","","671","852115","1 resource found","726","42565","43","13439","","50","12 resources found"
"https://www.supremeroofing.com/projects/emergency-repairs/wilbraham-monson-academy/","Success","39","12716.641","12716.641","19929.422","20395.291","273.500","0.223","923024","5080","161","2931539","88915","2","350594","23","287995","42","1941628","63","221160","7","6032","1","35215","23","1832172","67","","","","","","0","13416","0","0","900","207773","4180","701835","1278.734","Good","2675.659","Poor","2931540","13","Avoids redirects","Server responds quickly (observed 9 ms)","Applies text compression","1 issue found","4 resources found","35173","","660","852108","3 resources found","720","4353","6","13439","","50","12 resources found"
"https://www.supremeroofing.com/projects/emergency-repairs/whole-foods/","Success","41","5817.035","8658.436","14248.774","20304.070","250.500","0.223","923582","4650","163","3144424","88403","2","561609","23","288001","42","1941718","63","221160","7","6030","1","37503","25","1831624","67","","","","","","0","13416","0","0","1200","207773","3450","702393","1434.990","Poor","2788.612","Poor","3144425","13","Avoids redirects","Server responds quickly (observed 10 ms)","Applies text compression","1 issue found","4 resources found","30974","","654","852118","1 resource found","728","0","3","13439","","50","12 resources found"
"https://www.supremeroofing.com/projects/emergency-repairs/kay-bailey-hutchison/","Success","43","3464.018","8076.719","9840.271","18732.186","297.500","0.223","918303","2850","163","2721504","86999","2","140204","22","287983","42","1941613","63","221158","7","6036","1","37511","26","1831494","68","","","","","","0","13416","0","0","900","207773","1950","697114","1566.674","Poor","2876.406","Poor","2721505","13","Avoids redirects","Server responds quickly (observed 6 ms)","Applies text compression","1 issue found","4 resources found","19692","","709","852095","1 resource found","705","0","66","13439","","50","12 resources found"
"https://www.supremeroofing.com/projects/municipal/cityofpueblo/","Success","43","6777.539","8840.069","15008.678","18910.357","182.500","0.223","923574","4050","164","2904290","90608","2","515507","24","287979","42","1745193","63","221159","7","6033","1","37811","25","1635605","67","","","","","","150","13416","0","0","1200","207773","2700","702385","1128.331","Good","2360.208","Poor","2904291","13","Avoids redirects","Server responds quickly (observed 8 ms)","Applies text compression","1 issue found","4 resources found","31290","854","677","662599","1 resource found","729","27303","20","13447","","65","12 resources found"
"https://www.supremeroofing.com/projects/municipal/cityofhurst/","Success","35","9026.088","10958.942","15324.875","19236.188","393.000","0.223","923039","4200","164","2872051","89739","2","483789","24","287971","42","1745741","63","221160","7","6035","1","37616","25","1635596","67","","","","","","180","13416","0","0","1290","207769","2730","701854","1955.314","Poor","3585.984","Poor","2872052","13","Avoids redirects","Server responds quickly (observed 54 ms)","Applies text compression","1 issue found","4 resources found","36727","","1156","663106","3 resources found","729","0","139","13554","","50","12 resources found"
"https://www.supremeroofing.com/projects/municipal/rockwall-courthouse/","Success","35","8525.038","10616.537","15412.654","19662.100","415.136","0.223","923623","3450","164","3048093","88858","2","660863","24","287959","42","1745751","63","221159","7","6033","1","37470","25","1635461","67","","","","","","0","13416","0","0","1050","207773","2400","702434","1863.004","Poor","3476.120","Poor","3048094","13","Avoids redirects","Server responds quickly (observed 8 ms)","Applies text compression","1 issue found","4 resources found","34533","","861","663114","3 resources found","724","0","111","13554","","50","12 resources found"
"https://www.supremeroofing.com/projects/high-rise-office-buildings/110-w-7th/","Success","43","12080.638","12080.638","22457.469","22524.971","160.000","0.223","923638","4650","165","3371652","87464","2","984208","23","287979","42","1745972","64","221160","7","6028","1","38841","26","1637229","69","","","","","","0","13416","0","0","1200","207766","3450","702456","1110.150","Good","2394.089","Poor","3371653","13","Avoids redirects","Server responds quickly (observed 72 ms)","Applies text compression","1 issue found","4 resources found","43095","","948","662447","3 resources found","722","0","0","13479","","60","12 resources found"
"https://www.supremeroofing.com/projects/high-rise-office-buildings/green-roof/","Success","35","11956.265","11956.265","22428.016","22509.818","379.500","0.223","923649","5100","164","3843492","89046","2","1455421","24","287985","42","1745412","63","221158","7","6034","1","38436","25","1635942","67","","","","","","150","13416","0","0","1350","207769","3600","702464","1511.962","Poor","2924.479","Poor","3843493","13","Avoids redirects","Server responds quickly (observed 9 ms)","Applies text compression","1 issue found","4 resources found","36061","","971","662622","3 resources found","750","0","86","13439","","60","12 resources found"
"https://www.supremeroofing.com/projects/industrial/","Success","28","6079.020","9547.562","13669.694","17746.621","720.000","0.223","892657","3630","142","2449487","81374","2","229975","18","271822","35","1655864","56","167073","5","6028","1","37351","25","1635030","67","","","","","","150","13416","0","0","1080","207767","2400","671474","2297.167","Poor","3769.607","Poor","2449488","13","Avoids redirects","Server responds quickly (observed 75 ms)","Applies text compression","1 issue found","4 resources found","32832","","814","598665","3 resources found","630","0","97","13479","","70","12 resources found"
